Project ID,File Name,Execution Status,Reason,Error Message
qhaf8,pupillometry_tutorial_calignano.R,Failed,Code Issue,Directory Change Failure
8edp7,Social Factors COVID-19_Konrad.R,Failed,Code Issue,Invalid Function Argument
uhma8,mmcpsr_author_data.R,Failed,Container Issue,Missing Package
uhma8,apsa_race_ethnicity.R,Failed,Code Issue,Directory Change Failure
ntw7d,SRMA2019_analyses.R,Failed,Container Issue,View Function Failed - No GUI
92e6c,hadza_combine_data.R,Failed,Container Issue,Missing Package
92e6c,analyze_scan_model_hadza.R,Failed,Container Issue,Missing Package
92e6c,fill_summary_table.R,Failed,Code Issue,Object or File Missing
92e6c,hadza_returns_model.R,Failed,Container Issue,File Read Error - Cannot Open Connection
6ukwg,utility_functions.R,Success,-,-
6ukwg,codes_reanalysis.R,Failed,Container Issue,Missing Package
6ukwg,stuart.R,Failed,Container Issue,File Read Error - Cannot Open Connection
rs6un,Data.PC.VAR.Fixed.R,Success,-,-
rs6un,Psi.PS.AR.Matrix.R,Success,-,-
rs6un,MSE.VAR.Sys.R,Success,-,-
rs6un,Data.VAR.Fixed.R,Success,-,-
rs6un,Data.Cluster.VAR.R,Success,-,-
rs6un,Data.Cluster.VAR.Fixed.R,Success,-,-
rs6un,Code_Simulation_Part_III_MVAR_RE.R,Failed,Code Issue,Missing Function Definition
wbyj7,Exp1-LBA-null.r,Failed,Container Issue,Shared Library Not Found
wbyj7,read-data-Exp1.r,Success,-,-
wbyj7,pmwg-DIC.r,Success,-,-
7v4ep,Collaboration boosts career progression_part 1.R,Failed,Container Issue,Shared Library Not Found
7v4ep,Collaboration boosts career progression_part 2.R,Failed,Container Issue,Package Loading Failed
qynhu,subject19.R,Failed,Container Issue,File Read Error - Cannot Open Connection
qynhu,subject21.R,Failed,Container Issue,File Read Error - Cannot Open Connection
a3yd4,Functions_IRT.R,Success,-,-
r4wg2,elsa_analyses.R,Failed,Container Issue,Missing Package
r4wg2,stadyl_analyses.R,Failed,Container Issue,Missing Package
mp9td,is_hitname_in_range.R,Success,-,-
mp9td,Stats_Third.R,Success,-,-
mp9td,TablePrep_Third.R,Failed,Code Issue,Missing Directory or Path
mp9td,interface.R,Failed,Code Issue,Missing Function Definition
mp9td,get_first_free_fi.R,Success,-,-
mp9td,get_gazeshift_latency.R,Success,-,-
mp9td,get_looks.R,Success,-,-
mp9td,preflight.r,Success,-,-
dqjyh,Script.R,Success,-,-
5yvnb,analyse_final_Exp5_OSF.R,Failed,Container Issue,Missing Package
5yvnb,analyse_final_Exp6_OSF.R,Failed,Container Issue,Missing Package
7h94n,Malawi_ordination.R,Failed,Container Issue,File Read Error - Cannot Open Connection
7h94n,Malawi_interpolation.R,Failed,Container Issue,File Read Error - Cannot Open Connection
cht59,01_tables_1_2.r,Failed,Code Issue,Compressed File Not Found
meh5w,modelComparison.R,Failed,Container Issue,Shared Library Not Found
meh5w,multiplicationFactor_ttest.R,Failed,Container Issue,Shared Library Not Found
2qjn5,redraw_figures.R,Failed,Container Issue,PDF Cairo Stream Error
2qjn5,dump_csv.R,Failed,Container Issue,Shared Library Not Found
fr5ed,01_data_prepare.R,Success,-,-
fr5ed,03_posterior_visualization_country_contrast.R,Failed,Container Issue,Missing Package
fr5ed,02_analysis_single_estimate.R,Failed,Container Issue,Missing Package
dcw4x,04_figures_estimates_marginal_means.R,Failed,Code Issue,Missing Package
t93pf,Simulation-Random-Significance.r,Success,-,-
3gfqn,VADIS_genitives_outer_circle.R,Failed,Container Issue,Shared Library Not Found
3gfqn,VADIS_particles_InnerC-only.R,Failed,Container Issue,Shared Library Not Found
62je8,DMS-NRSA-CA-QC-Figures.R,Failed,Container Issue,Missing Package
zcv4m,winke_stevens_2017_rcode.R,Failed,Container Issue,Missing Package
dzwct,Fisher_Z_3PERIODS_std.R,Failed,Code Issue,Directory Change Failure
dzwct,Fisher_Z_3PERIODS_median.R,Failed,Code Issue,Directory Change Failure
k853j,ESS_openness_2016_perCountry.R,Failed,Code Issue,Object or File Missing
k853j,ESS_openess_2018_perCountry.R,Failed,Code Issue,Object or File Missing
k853j,ESS_openness_2016.R,Failed,Code Issue,Object or File Missing
938ye,Descriptive_statistics.R,Failed,Code Issue,RStudio Environment Error
938ye,Apriori_group_differences.R,Failed,Container Issue,File Read Error - Cannot Open Connection
938ye,Statistical_models_no_T3_criticals.R,Failed,Code Issue,RStudio Environment Error
wxgzu,outcome_evaluation_code_v5.R,Failed,Code Issue,Directory Change Failure
ns4h9,RScript_motives.R,Success,-,-
jhyu9,PrepareData.R,Failed,Container Issue,File Read Error - Cannot Open Connection
jhyu9,example_Rcode_mlrsa_osf_oneL1pred.R,Failed,Code Issue,No such file or directory
gy5vm,preprocess_SHCS.R,Failed,Code Issue,Object or File Missing
gy5vm,risk_factors_monthly.R,Failed,Code Issue,Object or File Missing
uckzx,P1_motif-by-motif_newbins.R,Failed,Code Issue,Invalid Multibyte String (Encoding Issue)
uckzx,P3_analysis.R,Failed,Code Issue,Invalid Multibyte String (Encoding Issue)
uckzx,P2_analysis_oldbins.R,Failed,Code Issue,Invalid Multibyte String (Encoding Issue)
uckzx,P2_analysis_newbins.R,Failed,Code Issue,Invalid Multibyte String (Encoding Issue)
pk9my,PNAS_Social_Mobility_public.R,Failed,Code Issue,Directory Change Failure
sb3kw,Study3B_analyses.R,Failed,Code Issue,Directory Change Failure
sb3kw,Meta_Analysis.R,Failed,Code Issue,Directory Change Failure
sb3kw,Study2B_analyses.R,Failed,Code Issue,Directory Change Failure
sb3kw,Study2A_analyses.R,Failed,Code Issue,Directory Change Failure
tg3fq,syntax_SDMWS&SBPS.R,Failed,Code Issue,Directory Change Failure
greqt,02_analysis.R,Success,-,-
greqt,functions2.R,Success,-,-
greqt,06_extrapermut_comaprison_with_random.R,Success,-,-
greqt,07_correlation_structure.R,Success,-,-
greqt,04_clusters2_tvals.R,Failed,Code Issue,Object or File Missing
greqt,functions1.R,Success,-,-
vjeb3,draw.2.w.int.bw.1.cov.and.1.fac.r,Success,-,-
vjeb3,boot_glmm.r,Success,-,-
vjeb3,diagnostic_fcns.r,Success,-,-
vjeb3,helpers.r,Success,-,-
w7pjy,figures_paper.R,Failed,Container Issue,Missing Package
w7pjy,analyze_agreementIndicators.R,Failed,Container Issue,Missing Package
w7pjy,bootstrapConfusionMatrix.R,Success,-,-
w7pjy,assessQualityOfcaptWKL.R,Success,-,-
w7pjy,node_violinplot.R,Success,-,-
w7pjy,format_confusionMatrix.R,Success,-,-
w7pjy,format_captWKLquality.R,Success,-,-
w7pjy,PWLcapturedByModel.R,Success,-,-
q2zrp,Graphs.R,Failed,Code Issue,Directory Change Failure
emwgp,projpred.R,Failed,Code Issue,Missing Function Definition
emwgp,ppfs.R,Failed,Code Issue,Directory Already Exists - Avoid Overwriting 
tbczv,01-readData.r,Failed,Code Issue,Directory Change Failure
tbczv,TRDM-functions.r,Success,-,-
tbczv,pmwgDIC.r,Success,-,-
tbczv,exp1bDead-MNL-SAT-A.r,Failed,Code Issue,Compressed File Not Found
tbczv,exp1aDead-MNL-SAT-A.r,Failed,Code Issue,Compressed File Not Found
tbczv,01-readData.r,Success,-,-
tbczv,02-exclCriteria.r,Failed,Code Issue,Compressed File Not Found
tajd9,Flip_MainDataAnalyses.R,Success,-,-
tajd9,Flux_MainDataAnalyses.R,Failed,Code Issue,Matrix Dimnames Mismatch
5y27d,load_all_tables.R,Failed,Container Issue,File Read Error - Cannot Open Connection
5y27d,tabulate_cases.R,Failed,Code Issue,Compressed File Not Found
fegvr,Analysis.R,Failed,Container Issue,Shared Library Not Found
7vbj9,Analyses_Confirmatory.R,Failed,Container Issue,Missing Package
7vbj9,Analyses_Exploratory.R,Failed,Container Issue,Missing Package
hzncs,Witt_SDT_Simulations_SeveralTests.R,Failed,Container Issue,Missing Package
hzncs,Witt_SDT_Simulations_OptionalStopping.R,Failed,Container Issue,Missing Package
8fzns,1_Get_Item-Params_TR.R,Failed,Container Issue,Missing Package
8fzns,0_Data-Prep.R,Failed,Code Issue,Object or File Missing
8fzns,4H_PV_helper.R,Success,-,-
8fzns,2_Conditioning_Recode.R,Failed,Code Issue,No such file or directory
8fzns,3H_IRT_helper.R,Success,-,-
8fzns,3_IRT.R,Failed,Code Issue,No such file or directory
8fzns,2H_Recode_helper.R,Success,-,-
nxyh3,01b_DataPrep_Study2.R,Failed,Container Issue,File Read Error - Cannot Open Connection
nxyh3,02b_Descriptives_Study2.R,Failed,Container Issue,No such file or directory
nxyh3,01a_DataPrep_Study1.R,Failed,Container Issue,File Read Error - Cannot Open Connection
3bpn6,os_testosterone_analysis.R,Failed,Container Issue,Missing Package
3bpn6,af_testosterone_analysis.R,Failed,Container Issue,Missing Package
3bpn6,osylv_sitecomparison.R,Failed,Container Issue,Missing Package
3bpn6,all_spaceuse_dataproc.R,Failed,Container Issue,Missing Package
3bpn6,all_navigation_models.R,Failed,Container Issue,Missing Package
3bpn6,dt_homing_dataproc.R,Failed,Container Issue,Shared Library Not Found
3bpn6,os_homing_dataproc.R,Failed,Container Issue,Shared Library Not Found
3bpn6,af_homing_dataproc.R,Failed,Container Issue,Shared Library Not Found
37rfb,prediction_plots.R,Failed,Code Issue,RStudio Environment Error
37rfb,prediction_analyses.R,Failed,Code Issue,RStudio Environment Error
9e3cu,BCA_activity_answers.R,Failed,Code Issue,Missing Function Definition
9e3cu,titration_answers.R,Failed,Code Issue,Missing Function Definition
9e3cu,sat_curve.R,Success,-,-
9e3cu,BCA_dilution_answers.R,Failed,Code Issue,Missing Function Definition
9e3cu,visualization_code.R,Success,-,-
bkuwa,main_analysis_code.R,Failed,Container Issue,Missing Package
nd9yr,make_fig1_main_text.R,Failed,Code Issue,Directory Change Failure
nd9yr,ordinal_plot_functions.R,Success,-,-
nd9yr,ordinal_helper_functions.R,Success,-,-
wc3nq,6) agr_summer_model.R,Failed,Code Issue,Directory Change Failure
wc3nq,2) soc_measures_code.R,Failed,Code Issue,Directory Change Failure
wc3nq,7) agr_yearly_model.R,Failed,Code Issue,Directory Change Failure
cd5r8,R_Code_Buffinton_MorganShort.R,Failed,Container Issue,Missing Package
cd5r8,R_Code_Hui_et_al.R,Failed,Code Issue,File Not Found
cd5r8,Sim_Function.R,Success,-,-
cd5r8,R_Code_Fang_Wu.R,Failed,Code Issue,File Not Found
sqfnt,Goal 3 Analysis.R,Failed,Code Issue,Missing Function Definition
sqfnt,Goal 1 Analysis.R,Failed,Container Issue,Missing Package
53w96,INLA_GHG_GMD.R,Failed,Container Issue,Missing Package
hrf5t,runHierarchicalGCM.R,Failed,Container Issue,Shared Library Not Found
hrf5t,runPrototype.R,Failed,Container Issue,Shared Library Not Found
hrf5t,Prototype.R,Failed,Code Issue,Syntax Error
5ezfk,SWATCUPfunctions.R,Success,-,-
5ezfk,SantaLuciaStationsToPCPFile.R,Failed,Container Issue,Missing Package
5ezfk,ETfun.R,Success,-,-
bhrwx,evaluation_data_analysis.R,Failed,Code Issue,Object or File Missing
bhrwx,script_for_the_analysis_of_game_data.R,Failed,Code Issue,Missing Directory or Path
qj86m,2_data_prep_merge.R,Failed,Code Issue,Object or File Missing
qj86m,9_manova_fda_socaccount.R,Failed,Container Issue,Missing Package
qj86m,8_fda_socaccount.R,Failed,Code Issue,Object or File Missing
qj86m,7_manova_fda_breach.R,Failed,Container Issue,Missing Package
xcthg,0-Script.R,Failed,Container Issue,Package Loading Failed
xcthg,0-Script.R,Failed,Container Issue,Missing Package
5s34w,simpd_helper.R,Success,-,-
g8kbu,dataAnalysisRewardAppsExperiment.R,Failed,Container Issue,Missing Package
u9hkj,expertsurvey_CDRCCS.R,Failed,Container Issue,Missing Package
g2nkw,YCAS_Scale_development.R,Failed,Code Issue,Invalid NA/NaN Argument
wcfj3,2_idDiffs.R,Failed,Code Issue,Object or File Missing
wcfj3,funs.R,Success,-,-
wcfj3,1_dataPrep.R,Failed,Code Issue,Object or File Missing
6hx2n,DM_a_k.R,Failed,Code Issue,Object or File Missing
ztycp,Schizotypal Ambivalence.R,Failed,Container Issue,Missing Package
fb5tw,figure_pp_check.R,Failed,Container Issue,Missing Package
fb5tw,figure_main.R,Failed,Container Issue,Missing Package
fb5tw,figure_individual_fits.R,Failed,Container Issue,Missing Package
fb5tw,plotting_style.R,Failed,Container Issue,Missing Package
2j47e,Factor analysis.R,Failed,Code Issue,Object or File Missing
2j47e,Demographics.R,Failed,Container Issue,Package Loading Failed
2j47e,Reliability.R,Failed,Code Issue,Object or File Missing
2j47e,Cluster analysis non-refined factor scores.R,Failed,Container Issue,Package Loading Failed
2j47e,Cluster analysis refined factor scores.R,Failed,Container Issue,Package Loading Failed
2j47e,Figures.R,Failed,Code Issue,Object or File Missing
fykpt,03_table_comorbidities_by_study.R,Failed,Code Issue,Missing Function Definition
bfq39,Code_LMMs_BestPractice_Example_withOutput.R,Failed,Container Issue,File Read Error - Cannot Open Connection
bfq39,Code_LMMs_Code_BestPractice_Example.R,Failed,Container Issue,File Read Error - Cannot Open Connection
2uf8j,Negativity R.R,Failed,Code Issue,Missing Package
x72cy,ConfirmatoryAnalyses.R,Failed,Container Issue,Shared Library Not Found
x72cy,ExploratoryAnalyses.R,Failed,Container Issue,Shared Library Not Found
x72cy,PreprocessingQualtricsData.R,Failed,Container Issue,File Read Error - Cannot Open Connection
x72cy,AnalyzeDummyData.R,Failed,Container Issue,File Read Error - Cannot Open Connection
6qej7,ECoach Functions.R,Success,-,-
8abj4,Exp1.R,Failed,Container Issue,Missing Package
8abj4,Exp2.R,Failed,Container Issue,Missing Package
qy5sd,PairsBindingRSS_Stats.R,Failed,Code Issue,RStudio Environment Error
qy5sd,PairsBindingRSS_MPT.R,Failed,Code Issue,RStudio Environment Error
qy5sd,plotPostKO.R,Success,-,-
9tnmv,Exp4_buddhist_post.R,Success,-,-
9tnmv,Exp2_OnlineExp_POST.R,Success,-,-
xh36s,questionnaires_analyses.R,Failed,Container Issue,Package Loading Failed
xh36s,quest_analyses.R,Failed,Container Issue,Package Loading Failed
xh36s,preprocessing.R,Success,-,-
xh36s,behavior_analyses.R,Failed,Container Issue,Package Loading Failed
4a9b6,EXPLORATORY_Gaze Following_ANALYSES.R,Failed,Code Issue,Directory Change Failure
4a9b6,PrefLook_functions.r,Success,-,-
vphyt,Text_Level.R,Failed,Code Issue,Undefined Column Selection
vphyt,Sentence_Level.R,Failed,Code Issue,Undefined Column Selection
vphyt,Prepare_wst_data_OSF.R,Failed,Code Issue,Invalid Multibyte Character in Parser
vphyt,Pandemic_Cohorts_vs_Pre_Pandemic_Cohorts.R,Failed,Code Issue,Object or File Missing
uq3cv,5_NMDS_comparing_dawn_and_morning_assemblage_compositions.R,Failed,Code Issue,Missing Argument in setwd() Function
uq3cv,4_Compute_beta_diversity_metrics.R,Failed,Code Issue,Missing Argument in setwd() Function
xhrw6,corstars.R,Success,-,-
xhrw6,4_sem_models.R,Failed,Code Issue,Object or File Missing
xhrw6,1_create_composite_measures.R,Failed,Code Issue,Missing Function Definition
qj4xr,06_sensitivity-tests.R,Failed,Code Issue,Object or File Missing
qj4xr,03_explaining-scipop-attitudes.R,Failed,Code Issue,Missing Function Definition
qj4xr,02_prevalence-of-scipop.R,Failed,Container Issue,Package Loading Failed
7xsfj,Fig05To08.R,Failed,Code Issue,Function Call Error - Unknown Arguments
c93vs,exp02_prep.R,Failed,Code Issue,Directory Change Failure
c93vs,exp01_prep.R,Failed,Code Issue,Directory Change Failure
rmcuy,Model_analysis.R,Failed,Code Issue,Compressed File Not Found
rmcuy,Fig. 4 - Simulation_model_outline_AT_LM.r,Failed,Code Issue,Missing Function Definition
dgt8x,04-revisions.R,Failed,Code Issue,Object or File Missing
7mey8,stan_CON_adriana_pools5i.r,Failed,Code Issue,Stan Modeling Error
7mey8,stan_AWB_adriana_pools5i_vary_mic.r,Failed,Code Issue,Stan Modeling Error
eg6w5,experiment1c_analyses.R,Failed,Code Issue,Unexported Object Access Error
eg6w5,experiment1d_analyses.R,Failed,Code Issue,Unexported Object Access Error
eg6w5,experiment1b_analyses.R,Failed,Code Issue,Unexported Object Access Error
9gjyc,BRMS + Figure4.R,Success,-,-
9gjyc,Simulations Evidence level.R,Failed,Container Issue,File Read Error - Cannot Open Connection
uygpq,Cross-paradigm.R,Failed,Code Issue,Object or File Missing
uygpq,Model figures.R,Failed,Code Issue,Object or File Missing
uygpq,Within-paradigm.R,Failed,Code Issue,Object or File Missing
hn3bu,AnalysisCode.R,Failed,Code Issue,Directory Change Failure
2phst,mse_values_for_density_smoother.R,Failed,Code Issue,Directory Change Failure
2phst,mse_values_latent_space_diffusion_slurm.R,Failed,Container Issue,Missing Package
4g2tu,custom_functions.R,Success,-,-
3wy58,bivariate_model_summer_revision.R,Failed,Container Issue,Missing Package
3wy58,bivariate_model_winter_revision.R,Failed,Container Issue,Missing Package
z39us,Bayesian_analyses_H1d.R,Failed,Container Issue,File Read Error - Cannot Open Connection
z39us,Posthoc_H3b.R,Success,-,-
wxgm5,Exp1_complete.R,Failed,Container Issue,Missing Package
wxgm5,Exp2_tapping.R,Failed,Container Issue,Missing Package
wxgm5,Exp2_judgment.R,Failed,Container Issue,Missing Package
przvy,study1-rscript.R,Success,-,-
fwc2p,Keuken_etal_UHF_MRI_review_analysis_script.r,Failed,Code Issue,Directory Change Failure
dqc3y,analysis_mmreg.R,Failed,Code Issue,Object or File Missing
dqc3y,REL_corr_obs_descr.R,Failed,Code Issue,Object or File Missing
dqc3y,analysis_fullset.R,Failed,Code Issue,Object or File Missing
dqc3y,analysis_MASTER.R,Failed,Code Issue,Compressed File Not Found
dqc3y,calc_vars.R,Failed,Code Issue,Object or File Missing
dqc3y,prep_functions.R,Success,-,-
xgwzf,utils.R,Success,-,-
xgwzf,exp3_analysis.R,Failed,Code Issue,Directory Change Failure
w7afh,CFA script.R,Failed,Code Issue,Object or File Missing
w7afh,EFA script.R,Failed,Code Issue,Object or File Missing
ujpyn,pcurve_app4.052.r,Success,-,-
8akru,workshop_example.R,Failed,Code Issue,Directory Change Failure
fbshg,ComF_helpers.R,Success,-,-
fbshg,ComF_SOM_Rcode.R,Success,-,-
7wd8e,06 - Trends.R,Failed,Container Issue,Missing Package
x8vyw,02_random_forest_analysis.R,Failed,Code Issue,No such file or directory
x8vyw,03_glmm_analysis.R,Failed,Code Issue,No such file or directory
tfbps,R_Script_Idiographic_network_analyses.R,Failed,Container Issue,Missing Package
pvyhe,grid_visualize_3by3.R,Failed,Code Issue,Object or File Missing
pvyhe,Figure1.R,Success,-,-
pvyhe,visualize_niceplot.R,Success,-,-
pvyhe,exemplar_runs_r_add_xi.R,Success,-,-
pvyhe,Prob_between.R,Failed,Container Issue,Missing Package
abts4,DECEPTION-ProbitSDT-v1.R,Failed,Code Issue,File Selection Error
ywm3r,predictability.R,Success,-,-
sx6yf,2021-6-7_No_Man_Is_An_Island_analyses.R,Failed,Container Issue,Missing Package
cqsr8,plots.R,Failed,Code Issue,Missing Function Definition
cqsr8,boosting_xgbDART.R,Failed,Code Issue,Missing Function Definition
rbxzs,Script_R.R,Success,-,-
yvw93,R_code_test_congruence_effects.R,Failed,Container Issue,Missing Package
hbju7,study-2_main-analysis-code.R,Failed,Container Issue,Missing Package
jyuxk,Analysis_and_source_code_table_3_and_figure_3.R,Failed,Code Issue,Function Call Error - Unused Argument
d3tg5,Manuscript_main analyses.R,Failed,Code Issue,Compressed File Not Found
6g4js,Analyses_Section_4.R,Success,-,-
67ncp,duque_etal_2020_rcode.R,Failed,Container Issue,Missing Package
67ncp,duque_etal_2019_rcode.R,Failed,Container Issue,Missing Package
t2jka,multipleChoiceSame.R,Success,-,-
t2jka,batchUploadImages.R,Failed,Code Issue,Directory Change Failure
kdjqz,sim_data_LissonEtAl2020.R,Failed,Code Issue,Object or File Missing
kdjqz,Lissonetal2021-script.R,Failed,Code Issue,Object or File Missing
kdjqz,BF_LissonEtAl2020.R,Failed,Container Issue,File Read Error - Cannot Open Connection
5qx7e,Descriptives_Tables_1_2_S1_S2.R,Failed,Container Issue,Package Loading Failed
73y8p,RAQ-R_reliability after exclusion.R,Failed,Code Issue,Compressed File Not Found
73y8p,RAQ-R_Analyses.R,Failed,Code Issue,Package Installation Failed
ynx3m,WoCP_publication_script.R,Failed,Container Issue,Missing Package
jh47m,Gatekeeper analysis.r,Failed,Container Issue,File Read Error - Cannot Open Connection
3bn9u,4_4_identification.R,Failed,Container Issue,Package Loading Failed
3bn9u,4_1_deidentification.R,Failed,Container Issue,Package Loading Failed
yfegm,getObjects.r,Success,-,-
yfegm,PREPROC_script_Experiment1.r,Failed,Code Issue,No such file or directory
yfegm,allocateTrials.r,Success,-,-
yfegm,getLooks.r,Success,-,-
qxf5t,TSST_Meta.R,Failed,Code Issue,Directory Change Failure
dpkyb,create_model_formulas.R,Success,-,-
dpkyb,my_ggplot_themes.R,Success,-,-
dpkyb,data-processing.R,Failed,Code Issue,RStudio Environment Error
a9bv6,sanet_2.R,Success,-,-
m87vg,Exp1_BehaviouralAnalyses_Code.R,Failed,Container Issue,File Read Error - Cannot Open Connection
rf6zu,scrape_web_pages.R,Failed,Code Issue,Missing Function Definition
4fvwe,load_my_functions.R,Failed,Code Issue,Missing Function Definition
4fvwe,print_result.R,Success,-,-
4fvwe,return_BF_ttests.R,Success,-,-
he8mu,Custom_Functions.R,Success,-,-
f3qrh,Kim Skalicky and Jung - R syntax.R,Failed,Code Issue,RStudio Environment Error
qxwsz,anxiety_abstraction_s2.R,Failed,Container Issue,Missing Package
3fnjq,facebook_users.R,Failed,Code Issue,Object or File Missing
3fnjq,campaign_messages.R,Failed,Code Issue,Object or File Missing
3fnjq,facebook_pages.R,Failed,Code Issue,Compressed File Not Found
cxv5k,data_preparation.R,Success,-,-
cxv5k,R_functions_Kimmoun_et_al_final.R,Success,-,-
vprwb,MLM--lmerTest--JPNpsyUpdated.R,Failed,Code Issue,Directory Change Failure
gztxa,Vowel_Harmony_LDT_Exp3.R,Failed,Container Issue,Package Loading Failed
gztxa,Vowel_Harmony_LDT_Naming.R,Failed,Container Issue,Package Loading Failed
t7a28,collect_results.R,Failed,Code Issue,Object or File Missing
5te7n,return_effect_sizes.R,Success,-,-
5te7n,save_get_pp_check.R,Success,-,-
p7zwr,N400.R,Failed,Container Issue,Missing Package
p7zwr,P600.R,Failed,Container Issue,Missing Package
sw7rq,Functions.R,Failed,Container Issue,Missing Package
ecjy6,CortStressResponse.R,Failed,Container Issue,Missing Package
qk3bf,iip_estimate_bifactor.R,Failed,Container Issue,File Read Error - Cannot Open Connection
zv3uc,analysis.R,Failed,Container Issue,View Function Failed - No GUI
9jxzs,07_analysis_rheology.R,Failed,Code Issue,Package Folder Configuration Required
9jxzs,03_analysis_color.R,Failed,Code Issue,Package Folder Configuration Required
w4gey,01_setup.R,Failed,Code Issue,Directory Change Failure
w4gey,02_measures.R,Failed,Container Issue,Missing Package
w4gey,03_descriptive-analysis.R,Failed,Code Issue,Missing Function Definition
94jyp,Ex1_ Data Wrangling_answers.R,Failed,Code Issue,Directory Change Failure
skp56,CSEP_DataScienceExPhys_DataGen_Akerman.R,Failed,Code Issue,Directory Change Failure
n3zfp,Aesthetic-Fidelity-Effect-Statistical Analyses.r,Failed,Container Issue,Missing Package
fvw2k,Murrayetal_SurfaceR_Code.R,Failed,Code Issue,Invalid Function Argument
unxj2,functions_1.R,Success,-,-
unxj2,functions_2.R,Success,-,-
hfjgw,00-utils.r,Success,-,-
d4hjq,02_parameter_estimation.R,Success,-,-
aczx5,220423_Fig04_Use_JargExpl.R,Success,-,-
aczx5,220423_Fig06_Under_JargExpl.R,Success,-,-
kbjw9,3DFDRPlot.R,Success,-,-
tgf3q,SI_4_Statistical_analyses.R,Failed,Container Issue,File Read Error - Cannot Open Connection
gk6jh,summarySE.R,Success,-,-
mg3ny,1_sim_functions.R,Success,-,-
4anzm,norms_code.R,Failed,Container Issue,File Read Error - Cannot Open Connection
6579b,03_Supplement.R,Failed,Container Issue,File Read Error - Cannot Open Connection
6579b,02_Main_Analyses.R,Failed,Container Issue,File Read Error - Cannot Open Connection
mvdpe,4. Compare pre-post.R,Failed,Container Issue,Shared Library Not Found
7vbtr,Gyurkovics_Stafford_Levita_analyses.R,Failed,Container Issue,Missing Package
9qbwv,helper.R,Success,-,-
6jmke,custom_functions.R,Success,-,-
ex9fj,RCode_Final_24Feb20.R,Failed,Code Issue,Incompatible Dimensions
qbgct,code_analyses.R,Failed,Code Issue,Object Not Subsettable
xjm6z,AuxiliaryFunctions.R,Success,-,-
yc8b5,get_tweets.R,Success,-,-
2yq8a,figure2.R,Failed,Code Issue,PDF Generation Error - Requires Screen Device
dr8gy,utils_surv.R,Success,-,-
dr8gy,RCS_plot_LogisticCox.R,Success,-,-
z6nm8,Stats_figures_JBT.R,Failed,Container Issue,Package Loading Failed
z6nm8,Stats_figures_JBTxECT.R,Failed,Container Issue,Package Loading Failed
z6nm8,Stats_figures_ECT.R,Failed,Container Issue,Package Loading Failed
6q73b,SubgroupStatsSimulationV5.R,Success,-,-
8fw3b,QPsyAnalyse.R,Failed,Code Issue,Directory Change Failure
dngyk,ESM-RUM_R_code.R,Failed,Container Issue,Missing Package
qwr69,nGFS.R,Success,-,-
c8vfj,Analysis_Imitation_and_Token.R,Failed,Container Issue,Missing Package
2sguf,US attitude code.R,Failed,Container Issue,Shared Library Not Found
42nyv,Eye tracking_pre-processing_R1.R,Failed,Code Issue,Directory Change Failure
guqrm,Reproduce_figures_prosocial_ageing.R,Failed,Code Issue,Directory Change Failure
n5ahf,Table1_analysis.R,Failed,Container Issue,Package Loading Failed
xwp2d,generic.r,Failed,Container Issue,Package Loading Failed
3w8eg,All_Figures.R,Failed,Container Issue,Shared Library Not Found
vnbxk,GamingStudy_PreProcessing.R,Failed,Code Issue,RStudio Environment Error
74qnu,Script_Predicting_Social_Skill_Expression.R,Failed,Code Issue,Vector Replacement Length Mismatch
4kmdv,analysis code.R,Failed,Container Issue,Missing Package
49sq5,example_analysis.R,Failed,Code Issue,Missing Argument in setwd() Function
s6zeg,Criticism-Attachment-RCode_v2.R,Failed,Code Issue,Directory Change Failure
qrv2e,DivNorm_R_EyeTrack.R,Failed,Container Issue,Missing Package
uf63k,MsReviewsAnalysisScript.R,Success,-,-
tnbev,lewis-acid-base-researchers.R,Failed,Code Issue,Directory Change Failure
3hgpe,02_analysis.R,Failed,Container Issue,Package Loading Failed
3hgpe,01_data-preparation-variable-setup.R,Success,-,-
mcy6r,BeerGogglesorLiquidCouragePPARatingAnalyses.R,Failed,Container Issue,File Read Error - Cannot Open Connection
4sjxz,ScenePrimingCFS_Analysis.R,Failed,Container Issue,Missing Package
ezdgt,3_Regression analyses.R,Failed,Container Issue,Missing Package
f6qsk,analysis_exp1.R,Failed,Code Issue,Directory Change Failure
f6qsk,analysis_exp2.R,Failed,Code Issue,Directory Change Failure
rh2sw,bayes.ema.tutorial.analysis.R,Failed,Container Issue,Missing Package
zfqax,Study1_manipulationeffectiveness.R,Failed,Container Issue,Shared Library Not Found
wcqpa,Rcode.R,Failed,Container Issue,File Read Error - Cannot Open Connection
vtb9e,Sim.Dyad.Model.16.R,Success,-,-
vtb9e,Sim.Dyad.Model.3.R,Success,-,-
vguey,Sim.Data.IL.R,Success,-,-
vguey,lag.Y.R,Success,-,-
5nh94,01b_fit_single_ergm.R,Failed,Container Issue,Package Loading Failed
5nh94,F8_plot_efficiency_goodness_of_fit.R,Failed,Container Issue,Missing Package
6z79s,bi.conv.networks.R,Failed,Container Issue,Shared Library Not Found
wgneh,3 Prepare Data.R,Failed,Code Issue,Directory Change Failure
25a6x,BeliefsScale_IRT_Rscript.R,Failed,Container Issue,Missing Package
3b59h,Analysis.R,Failed,Code Issue,Nonexistent Column
5ejcq,data_preperation_functions.R,Success,-,-
5hpjn,NetworkToolbox.R,Failed,Container Issue,Shared Library Not Found
hfxsb,basic_mods.R,Failed,Container Issue,Missing Package
eks6u,demo_script_2018_10_02.R,Success,-,-
ptfye,Analysis.R,Success,-,-
6ya5d,Power_Analysis_OSF_22.R,Failed,Container Issue,Package Loading Failed
mhgcx,Figures for paper.R,Failed,Code Issue,Directory Change Failure
mhgcx,Bird AGL - Outputs and plots.R,Failed,Container Issue,Shared Library Not Found
fsbzw,plot.fix.e1.R,Success,-,-
fsbzw,functions.R,Success,-,-
tw8dq,SVOSM_analyses_final.R,Failed,Code Issue,Directory Change Failure
p6msu,create_output_behavioral.R,Failed,Container Issue,File Read Error - Cannot Open Connection
scn62,three countries plot.R,Success,-,-
csy8q,process_pdf.R,Failed,Container Issue,Missing Package
jy5wd,Code.R,Failed,Code Issue,Invalid Argument Length
rtmyx,05_PerceptionAnalysis_AllClassSolutions_V230401.R,Failed,Container Issue,Shared Library Not Found
7z3mk,t1-stan-5.R,Failed,Code Issue,Object or File Missing
zhf98,abstract ratings analysis.r,Failed,Container Issue,File Read Error - Cannot Open Connection
dkq3f,eda_brms.R,Failed,Code Issue,RStudio Environment Error
w97h4,Paper_functions.R,Success,-,-
9mc84,preprocessing.R,Success,-,-
5xdbu,study2-rscript.R,Success,-,-
n7sep,code.R,Failed,Container Issue,Missing Package
kgtx6,f_readRShare.R,Success,-,-
p2xgq,"Analyses for revision 1, with pilot data and data cleaning.R",Failed,Container Issue,Missing Package
drv3a,illustration.R,Success,-,-
b4gc7,workshop_example.R,Failed,Code Issue,Directory Change Failure
mc26t,my_utils.R,Failed,Container Issue,Missing Package
6pq9e,Model.R,Failed,Container Issue,Missing Package
r24vb,clustering_syn_types.R,Failed,Container Issue,Shared Library Not Found
6krj7,validation.med.R,Success,-,-
6krj7,utility_functions.R,Success,-,-
6krj7,codes_reanalysis.R,Failed,Container Issue,Missing Package
6krj7,stuart.R,Failed,Container Issue,File Read Error - Cannot Open Connection
6krj7,Malawi_ordination.R,Success,-,-
6krj7,Malawi_interpolation.R,Success,-,-
6krj7,stan_CON_adriana_pools5i.r,Failed,Code Issue,Stan Modeling Error
6krj7,stan_AWB_adriana_pools5i_vary_mic.r,Failed,Code Issue,Stan Modeling Error
6krj7,06 - Trends.R,Failed,Container Issue,Missing Package
6krj7,IMDB_analysis.r,Failed,Code Issue,Directory Change Failure
6krj7,hadza_combine_data.R,Failed,Container Issue,Missing Package
6krj7,analyze_scan_model_hadza.R,Failed,Container Issue,Missing Package
6krj7,fill_summary_table.R,Failed,Code Issue,Object or File Missing
6krj7,hadza_returns_model.R,Failed,Container Issue,File Read Error - Cannot Open Connection
6krj7,Code_LMMs_BestPractice_Example_withOutput.R,Failed,Container Issue,File Read Error - Cannot Open Connection
6krj7,Code_LMMs_Code_BestPractice_Example.R,Failed,Container Issue,File Read Error - Cannot Open Connection
6krj7,01_tables_1_2.r,Failed,Code Issue,Compressed File Not Found
6krj7,Custom_Functions.R,Success,-,-
6krj7,00-utils.r,Success,-,-
6krj7,Gatekeeper analysis.r,Failed,Container Issue,File Read Error - Cannot Open Connection
6krj7,PrepareData.R,Failed,Container Issue,File Read Error - Cannot Open Connection
6krj7,example_Rcode_mlrsa_osf_oneL1pred.R,Failed,Code Issue,No such file or directory
6krj7,Data_Prep_S1S2.R,Failed,Code Issue,Directory Change Failure
6krj7,Main Tables.R,Failed,Code Issue,Directory Change Failure
6krj7,sim_data_LissonEtAl2020.R,Failed,Code Issue,Object or File Missing
6krj7,Lissonetal2021-script.R,Failed,Container Issue,File Read Error - Cannot Open Connection
6krj7,BF_LissonEtAl2020.R,Failed,Container Issue,File Read Error - Cannot Open Connection
6krj7,analysis.R,Failed,Code Issue,RStudio Environment Error
6krj7,subject19.R,Failed,Container Issue,File Read Error - Cannot Open Connection
6krj7,subject21.R,Failed,Container Issue,File Read Error - Cannot Open Connection
6krj7,Model_analysis.R,Failed,Code Issue,Compressed File Not Found
6krj7,Fig. 4 - Simulation_model_outline_AT_LM.r,Failed,Code Issue,Missing Function Definition
6krj7,CSEP_DataScienceExPhys_DataGen_Akerman.R,Failed,Code Issue,Directory Change Failure
6krj7,generic.r,Failed,Container Issue,Package Loading Failed
6krj7,PREPROC_script_Experiment1.r,Failed,Code Issue,No such file or directory
6krj7,getObjects.r,Success,-,-
6krj7,allocateTrials.r,Success,-,-
6krj7,getLooks.r,Success,-,-
6krj7,preprocessing_hrs.R,Failed,Code Issue,Object or File Missing
6krj7,tree.R,Failed,Container Issue,File Read Error - Cannot Open Connection
6krj7,EXPLORATORY_Gaze Following_ANALYSES.R,Failed,Code Issue,Directory Change Failure
6krj7,PrefLook_functions.r,Success,-,-
6krj7,norms_code.R,Failed,Container Issue,File Read Error - Cannot Open Connection
6krj7,load_all_tables.R,Failed,Container Issue,File Read Error - Cannot Open Connection
6krj7,tabulate_cases.R,Failed,Code Issue,Missing Function Definition
6krj7,Analyses_Section_4.R,Success,-,-
